[
  {
    "id": 0,
    "firstName": "Lexington",
    "lastName": "Andrade",
    "email": "Lexington_Andrade@gmail.com",
    "cartId": 0
  },
  {
    "id": 1,
    "firstName": "Zubair",
    "lastName": "Orlando",
    "email": "Zubair_Orlando@gmail.com",
    "cartId": 1
  },
  {
    "id": 2,
    "firstName": "Advait",
    "lastName": "Pascual",
    "email": "Advait_Pascual@gmail.com",
    "cartId": 2
  },
  {
    "id": 3,
    "firstName": "Mace",
    "lastName": "Hennings",
    "email": "Mace_Hennings@gmail.com",
    "cartId": 3
  },
  {
    "id": 4,
    "firstName": "Kaizen",
    "lastName": "Osterman",
    "email": "Kaizen_Osterman@gmail.com",
    "cartId": 4
  },
  {
    "id": 5,
    "firstName": "Vesper",
    "lastName": "Myer",
    "email": "Vesper_Myer@gmail.com",
    "cartId": 5
  },
  {
    "id": 6,
    "firstName": "Payton",
    "lastName": "Brookins",
    "email": "Payton_Brookins@gmail.com",
    "cartId": 6
  },
  {
    "id": 7,
    "firstName": "Anja",
    "lastName": "Whatley",
    "email": "Anja_Whatley@gmail.com",
    "cartId": 7
  },
  {
    "id": 8,
    "firstName": "Leni",
    "lastName": "Lauer",
    "email": "Leni_Lauer@gmail.com",
    "cartId": 8
  },
  {
    "id": 9,
    "firstName": "Caelyn",
    "lastName": "Wenzel",
    "email": "Caelyn_Wenzel@gmail.com",
    "cartId": 9
  },
  {
    "id": 10,
    "firstName": "Alexa",
    "lastName": "Barham",
    "email": "Alexa_Barham@gmail.com",
    "cartId": 10
  },
  {
    "id": 11,
    "firstName": "Natasha",
    "lastName": "Hutcherson",
    "email": "Natasha_Hutcherson@gmail.com",
    "cartId": 11
  },
  {
    "id": 12,
    "firstName": "Anisha",
    "lastName": "Strahan",
    "email": "Anisha_Strahan@gmail.com",
    "cartId": 12
  },
  {
    "id": 13,
    "firstName": "Balian",
    "lastName": "Molina",
    "email": "Balian_Molina@gmail.com",
    "cartId": 13
  },
  {
    "id": 14,
    "firstName": "Maddax",
    "lastName": "Mcafee",
    "email": "Maddax_Mcafee@gmail.com",
    "cartId": 14
  },
  {
    "id": 15,
    "firstName": "Elijah",
    "lastName": "Mulder",
    "email": "Elijah_Mulder@gmail.com",
    "cartId": 15
  },
  {
    "id": 16,
    "firstName": "Jazelle",
    "lastName": "Lyle",
    "email": "Jazelle_Lyle@gmail.com",
    "cartId": 16
  },
  {
    "id": 17,
    "firstName": "Leonie",
    "lastName": "Robinette",
    "email": "Leonie_Robinette@gmail.com",
    "cartId": 17
  },
  {
    "id": 18,
    "firstName": "Natalee",
    "lastName": "Banker",
    "email": "Natalee_Banker@gmail.com",
    "cartId": 18
  },
  {
    "id": 19,
    "firstName": "Kennidy",
    "lastName": "Winslow",
    "email": "Kennidy_Winslow@gmail.com",
    "cartId": 19
  },
  {
    "id": 20,
    "firstName": "Zeina",
    "lastName": "Benge",
    "email": "Zeina_Benge@gmail.com",
    "cartId": 20
  },
  {
    "id": 21,
    "firstName": "Michelangelo",
    "lastName": "Hawes",
    "email": "Michelangelo_Hawes@gmail.com",
    "cartId": 21
  },
  {
    "id": 22,
    "firstName": "Zalayah",
    "lastName": "Stroh",
    "email": "Zalayah_Stroh@gmail.com",
    "cartId": 22
  },
  {
    "id": 23,
    "firstName": "Jenni",
    "lastName": "Theriault",
    "email": "Jenni_Theriault@gmail.com",
    "cartId": 23
  },
  {
    "id": 24,
    "firstName": "Eidan",
    "lastName": "Zack",
    "email": "Eidan_Zack@gmail.com",
    "cartId": 24
  },
  {
    "id": 25,
    "firstName": "Irma",
    "lastName": "Troutman",
    "email": "Irma_Troutman@gmail.com",
    "cartId": 25
  },
  {
    "id": 26,
    "firstName": "Mahala",
    "lastName": "Binion",
    "email": "Mahala_Binion@gmail.com",
    "cartId": 26
  },
  {
    "id": 27,
    "firstName": "Davi",
    "lastName": "Picard",
    "email": "Davi_Picard@gmail.com",
    "cartId": 27
  },
  {
    "id": 28,
    "firstName": "Lawton",
    "lastName": "Sullivan",
    "email": "Lawton_Sullivan@gmail.com",
    "cartId": 28
  },
  {
    "id": 29,
    "firstName": "Isaak",
    "lastName": "Tillery",
    "email": "Isaak_Tillery@gmail.com",
    "cartId": 29
  },
  {
    "id": 30,
    "firstName": "Evy",
    "lastName": "Baur",
    "email": "Evy_Baur@gmail.com",
    "cartId": 30
  },
  {
    "id": 31,
    "firstName": "Kaisley",
    "lastName": "Levin",
    "email": "Kaisley_Levin@gmail.com",
    "cartId": 31
  },
  {
    "id": 32,
    "firstName": "Mckenna",
    "lastName": "Campos",
    "email": "Mckenna_Campos@gmail.com",
    "cartId": 32
  },
  {
    "id": 33,
    "firstName": "Vivian",
    "lastName": "Edmonds",
    "email": "Vivian_Edmonds@gmail.com",
    "cartId": 33
  },
  {
    "id": 34,
    "firstName": "Lilyrose",
    "lastName": "Gurule",
    "email": "Lilyrose_Gurule@gmail.com",
    "cartId": 34
  },
  {
    "id": 35,
    "firstName": "Mara",
    "lastName": "Eddy",
    "email": "Mara_Eddy@gmail.com",
    "cartId": 35
  },
  {
    "id": 36,
    "firstName": "Kasandra",
    "lastName": "Severson",
    "email": "Kasandra_Severson@gmail.com",
    "cartId": 36
  },
  {
    "id": 37,
    "firstName": "Charley",
    "lastName": "Cothran",
    "email": "Charley_Cothran@gmail.com",
    "cartId": 37
  },
  {
    "id": 38,
    "firstName": "Eleanora",
    "lastName": "Mclaurin",
    "email": "Eleanora_Mclaurin@gmail.com",
    "cartId": 38
  },
  {
    "id": 39,
    "firstName": "Emeric",
    "lastName": "Batts",
    "email": "Emeric_Batts@gmail.com",
    "cartId": 39
  },
  {
    "id": 40,
    "firstName": "Joe",
    "lastName": "Eder",
    "email": "Joe_Eder@gmail.com",
    "cartId": 40
  },
  {
    "id": 41,
    "firstName": "Aryah",
    "lastName": "Gilchrist",
    "email": "Aryah_Gilchrist@gmail.com",
    "cartId": 41
  },
  {
    "id": 42,
    "firstName": "Elida",
    "lastName": "Forsyth",
    "email": "Elida_Forsyth@gmail.com",
    "cartId": 42
  },
  {
    "id": 43,
    "firstName": "Decklyn",
    "lastName": "Adamson",
    "email": "Decklyn_Adamson@gmail.com",
    "cartId": 43
  },
  {
    "id": 44,
    "firstName": "Martell",
    "lastName": "Waldo",
    "email": "Martell_Waldo@gmail.com",
    "cartId": 44
  },
  {
    "id": 45,
    "firstName": "Mehmet",
    "lastName": "Digiacomo",
    "email": "Mehmet_Digiacomo@gmail.com",
    "cartId": 45
  },
  {
    "id": 46,
    "firstName": "Gary",
    "lastName": "Lingenfelter",
    "email": "Gary_Lingenfelter@gmail.com",
    "cartId": 46
  },
  {
    "id": 47,
    "firstName": "Nihira",
    "lastName": "Leatherwood",
    "email": "Nihira_Leatherwood@gmail.com",
    "cartId": 47
  },
  {
    "id": 48,
    "firstName": "Annalie",
    "lastName": "Boudreaux",
    "email": "Annalie_Boudreaux@gmail.com",
    "cartId": 48
  },
  {
    "id": 49,
    "firstName": "Brently",
    "lastName": "Mallard",
    "email": "Brently_Mallard@gmail.com",
    "cartId": 49
  }
]