[
  {
    "id": 0,
    "cartItems": [
      {
        "id": 0,
        "storeItemId": 20,
        "quantity": 2
      },
      {
        "id": 1,
        "storeItemId": 35,
        "quantity": 10
      },
      {
        "id": 2,
        "storeItemId": 78,
        "quantity": 1
      },
      {
        "id": 3,
        "storeItemId": 30,
        "quantity": 10
      },
      {
        "id": 4,
        "storeItemId": 94,
        "quantity": 2
      }
    ],
    "nextCartItemId": 5
  },
  {
    "id": 1,
    "cartItems": [
      {
        "id": 0,
        "storeItemId": 62,
        "quantity": 1
      },
      {
        "id": 1,
        "storeItemId": 65,
        "quantity": 10
      },
      {
        "id": 2,
        "storeItemId": 86,
        "quantity": 1
      },
      {
        "id": 3,
        "storeItemId": 6,
        "quantity": 1
      }
    ],
    "nextCartItemId": 4
  },
  {
    "id": 2,
    "cartItems": [
      {
        "id": 0,
        "storeItemId": 60,
        "quantity": 10
      }
    ],
    "nextCartItemId": 1
  },
  {
    "id": 3,
    "cartItems": [
      {
        "id": 0,
        "storeItemId": 79,
        "quantity": 1
      },
      {
        "id": 1,
        "storeItemId": 79,
        "quantity": 10
      },
      {
        "id": 2,
        "storeItemId": 65,
        "quantity": 2
      },
      {
        "id": 3,
        "storeItemId": 85,
        "quantity": 2
      },
      {
        "id": 4,
        "storeItemId": 31,
        "quantity": 2
      },
      {
        "id": 5,
        "storeItemId": 64,
        "quantity": 2
      }
    ],
    "nextCartItemId": 6
  },
  {
    "id": 4,
    "cartItems": [
      {
        "id": 0,
        "storeItemId": 98,
        "quantity": 2
      },
      {
        "id": 1,
        "storeItemId": 59,
        "quantity": 1
      }
    ],
    "nextCartItemId": 2
  },
  {
    "id": 5,
    "cartItems": [
      {
        "id": 0,
        "storeItemId": 4,
        "quantity": 2
      },
      {
        "id": 1,
        "storeItemId": 83,
        "quantity": 2
      }
    ],
    "nextCartItemId": 2
  },
  {
    "id": 6,
    "cartItems": [],
    "nextCartItemId": 0
  },
  {
    "id": 7,
    "cartItems": [
      {
        "id": 0,
        "storeItemId": 37,
        "quantity": 2
      },
      {
        "id": 1,
        "storeItemId": 89,
        "quantity": 1
      }
    ],
    "nextCartItemId": 2
  },
  {
    "id": 8,
    "cartItems": [
      {
        "id": 0,
        "storeItemId": 48,
        "quantity": 10
      },
      {
        "id": 1,
        "storeItemId": 49,
        "quantity": 2
      }
    ],
    "nextCartItemId": 2
  },
  {
    "id": 9,
    "cartItems": [
      {
        "id": 0,
        "storeItemId": 96,
        "quantity": 10
      }
    ],
    "nextCartItemId": 1
  },
  {
    "id": 10,
    "cartItems": [
      {
        "id": 0,
        "storeItemId": 90,
        "quantity": 10
      }
    ],
    "nextCartItemId": 1
  },
  {
    "id": 11,
    "cartItems": [
      {
        "id": 0,
        "storeItemId": 85,
        "quantity": 1
      },
      {
        "id": 1,
        "storeItemId": 79,
        "quantity": 1
      },
      {
        "id": 2,
        "storeItemId": 88,
        "quantity": 10
      },
      {
        "id": 3,
        "storeItemId": 51,
        "quantity": 10
      }
    ],
    "nextCartItemId": 4
  },
  {
    "id": 12,
    "cartItems": [
      {
        "id": 0,
        "storeItemId": 83,
        "quantity": 1
      },
      {
        "id": 1,
        "storeItemId": 43,
        "quantity": 1
      },
      {
        "id": 2,
        "storeItemId": 67,
        "quantity": 10
      },
      {
        "id": 3,
        "storeItemId": 67,
        "quantity": 1
      },
      {
        "id": 4,
        "storeItemId": 71,
        "quantity": 10
      }
    ],
    "nextCartItemId": 5
  },
  {
    "id": 13,
    "cartItems": [
      {
        "id": 0,
        "storeItemId": 34,
        "quantity": 1
      }
    ],
    "nextCartItemId": 1
  },
  {
    "id": 14,
    "cartItems": [
      {
        "id": 0,
        "storeItemId": 79,
        "quantity": 1
      },
      {
        "id": 1,
        "storeItemId": 40,
        "quantity": 1
      },
      {
        "id": 2,
        "storeItemId": 58,
        "quantity": 10
      },
      {
        "id": 3,
        "storeItemId": 67,
        "quantity": 10
      },
      {
        "id": 4,
        "storeItemId": 47,
        "quantity": 10
      }
    ],
    "nextCartItemId": 5
  },
  {
    "id": 15,
    "cartItems": [
      {
        "id": 0,
        "storeItemId": 58,
        "quantity": 1
      },
      {
        "id": 1,
        "storeItemId": 54,
        "quantity": 1
      }
    ],
    "nextCartItemId": 2
  },
  {
    "id": 16,
    "cartItems": [
      {
        "id": 0,
        "storeItemId": 19,
        "quantity": 1
      },
      {
        "id": 1,
        "storeItemId": 27,
        "quantity": 1
      }
    ],
    "nextCartItemId": 2
  },
  {
    "id": 17,
    "cartItems": [
      {
        "id": 0,
        "storeItemId": 7,
        "quantity": 10
      },
      {
        "id": 1,
        "storeItemId": 35,
        "quantity": 1
      },
      {
        "id": 2,
        "storeItemId": 70,
        "quantity": 2
      },
      {
        "id": 3,
        "storeItemId": 71,
        "quantity": 2
      }
    ],
    "nextCartItemId": 4
  },
  {
    "id": 18,
    "cartItems": [
      {
        "id": 0,
        "storeItemId": 53,
        "quantity": 1
      },
      {
        "id": 1,
        "storeItemId": 72,
        "quantity": 1
      }
    ],
    "nextCartItemId": 2
  },
  {
    "id": 19,
    "cartItems": [
      {
        "id": 0,
        "storeItemId": 55,
        "quantity": 10
      },
      {
        "id": 1,
        "storeItemId": 96,
        "quantity": 1
      },
      {
        "id": 2,
        "storeItemId": 49,
        "quantity": 1
      },
      {
        "id": 3,
        "storeItemId": 55,
        "quantity": 2
      }
    ],
    "nextCartItemId": 4
  },
  {
    "id": 20,
    "cartItems": [
      {
        "id": 0,
        "storeItemId": 27,
        "quantity": 2
      },
      {
        "id": 1,
        "storeItemId": 40,
        "quantity": 1
      },
      {
        "id": 2,
        "storeItemId": 46,
        "quantity": 10
      },
      {
        "id": 3,
        "storeItemId": 87,
        "quantity": 10
      }
    ],
    "nextCartItemId": 4
  },
  {
    "id": 21,
    "cartItems": [
      {
        "id": 0,
        "storeItemId": 10,
        "quantity": 1
      },
      {
        "id": 1,
        "storeItemId": 77,
        "quantity": 10
      }
    ],
    "nextCartItemId": 2
  },
  {
    "id": 22,
    "cartItems": [
      {
        "id": 0,
        "storeItemId": 36,
        "quantity": 1
      },
      {
        "id": 1,
        "storeItemId": 27,
        "quantity": 1
      }
    ],
    "nextCartItemId": 2
  },
  {
    "id": 23,
    "cartItems": [
      {
        "id": 0,
        "storeItemId": 61,
        "quantity": 10
      },
      {
        "id": 1,
        "storeItemId": 51,
        "quantity": 2
      },
      {
        "id": 2,
        "storeItemId": 30,
        "quantity": 2
      },
      {
        "id": 3,
        "storeItemId": 72,
        "quantity": 10
      },
      {
        "id": 4,
        "storeItemId": 47,
        "quantity": 2
      }
    ],
    "nextCartItemId": 5
  },
  {
    "id": 24,
    "cartItems": [
      {
        "id": 0,
        "storeItemId": 50,
        "quantity": 1
      },
      {
        "id": 1,
        "storeItemId": 36,
        "quantity": 1
      },
      {
        "id": 2,
        "storeItemId": 28,
        "quantity": 10
      },
      {
        "id": 3,
        "storeItemId": 32,
        "quantity": 2
      }
    ],
    "nextCartItemId": 4
  },
  {
    "id": 25,
    "cartItems": [],
    "nextCartItemId": 0
  },
  {
    "id": 26,
    "cartItems": [
      {
        "id": 0,
        "storeItemId": 65,
        "quantity": 2
      },
      {
        "id": 1,
        "storeItemId": 33,
        "quantity": 1
      },
      {
        "id": 2,
        "storeItemId": 38,
        "quantity": 10
      }
    ],
    "nextCartItemId": 3
  },
  {
    "id": 27,
    "cartItems": [
      {
        "id": 0,
        "storeItemId": 32,
        "quantity": 2
      },
      {
        "id": 1,
        "storeItemId": 72,
        "quantity": 1
      },
      {
        "id": 2,
        "storeItemId": 54,
        "quantity": 1
      }
    ],
    "nextCartItemId": 3
  },
  {
    "id": 28,
    "cartItems": [
      {
        "id": 0,
        "storeItemId": 44,
        "quantity": 2
      },
      {
        "id": 1,
        "storeItemId": 23,
        "quantity": 2
      },
      {
        "id": 2,
        "storeItemId": 53,
        "quantity": 2
      },
      {
        "id": 3,
        "storeItemId": 50,
        "quantity": 2
      },
      {
        "id": 4,
        "storeItemId": 52,
        "quantity": 1
      },
      {
        "id": 5,
        "storeItemId": 60,
        "quantity": 10
      }
    ],
    "nextCartItemId": 6
  },
  {
    "id": 29,
    "cartItems": [
      {
        "id": 0,
        "storeItemId": 50,
        "quantity": 10
      },
      {
        "id": 1,
        "storeItemId": 74,
        "quantity": 2
      },
      {
        "id": 2,
        "storeItemId": 27,
        "quantity": 2
      },
      {
        "id": 3,
        "storeItemId": 6,
        "quantity": 10
      }
    ],
    "nextCartItemId": 4
  },
  {
    "id": 30,
    "cartItems": [
      {
        "id": 0,
        "storeItemId": 7,
        "quantity": 10
      },
      {
        "id": 1,
        "storeItemId": 28,
        "quantity": 10
      },
      {
        "id": 2,
        "storeItemId": 58,
        "quantity": 2
      },
      {
        "id": 3,
        "storeItemId": 89,
        "quantity": 10
      }
    ],
    "nextCartItemId": 4
  },
  {
    "id": 31,
    "cartItems": [
      {
        "id": 0,
        "storeItemId": 61,
        "quantity": 1
      },
      {
        "id": 1,
        "storeItemId": 67,
        "quantity": 1
      }
    ],
    "nextCartItemId": 2
  },
  {
    "id": 32,
    "cartItems": [
      {
        "id": 0,
        "storeItemId": 63,
        "quantity": 10
      },
      {
        "id": 1,
        "storeItemId": 85,
        "quantity": 2
      }
    ],
    "nextCartItemId": 2
  },
  {
    "id": 33,
    "cartItems": [
      {
        "id": 0,
        "storeItemId": 14,
        "quantity": 1
      },
      {
        "id": 1,
        "storeItemId": 30,
        "quantity": 2
      }
    ],
    "nextCartItemId": 2
  },
  {
    "id": 34,
    "cartItems": [
      {
        "id": 0,
        "storeItemId": 62,
        "quantity": 2
      }
    ],
    "nextCartItemId": 1
  },
  {
    "id": 35,
    "cartItems": [
      {
        "id": 0,
        "storeItemId": 37,
        "quantity": 1
      }
    ],
    "nextCartItemId": 1
  },
  {
    "id": 36,
    "cartItems": [
      {
        "id": 0,
        "storeItemId": 18,
        "quantity": 2
      }
    ],
    "nextCartItemId": 1
  },
  {
    "id": 37,
    "cartItems": [
      {
        "id": 0,
        "storeItemId": 47,
        "quantity": 10
      },
      {
        "id": 1,
        "storeItemId": 82,
        "quantity": 2
      }
    ],
    "nextCartItemId": 2
  },
  {
    "id": 38,
    "cartItems": [
      {
        "id": 0,
        "storeItemId": 11,
        "quantity": 2
      },
      {
        "id": 1,
        "storeItemId": 75,
        "quantity": 1
      },
      {
        "id": 2,
        "storeItemId": 41,
        "quantity": 1
      },
      {
        "id": 3,
        "storeItemId": 26,
        "quantity": 1
      },
      {
        "id": 4,
        "storeItemId": 3,
        "quantity": 2
      }
    ],
    "nextCartItemId": 5
  },
  {
    "id": 39,
    "cartItems": [
      {
        "id": 0,
        "storeItemId": 27,
        "quantity": 10
      },
      {
        "id": 1,
        "storeItemId": 35,
        "quantity": 2
      },
      {
        "id": 2,
        "storeItemId": 36,
        "quantity": 2
      },
      {
        "id": 3,
        "storeItemId": 53,
        "quantity": 10
      },
      {
        "id": 4,
        "storeItemId": 57,
        "quantity": 10
      },
      {
        "id": 5,
        "storeItemId": 13,
        "quantity": 2
      },
      {
        "id": 6,
        "storeItemId": 8,
        "quantity": 10
      }
    ],
    "nextCartItemId": 7
  },
  {
    "id": 40,
    "cartItems": [
      {
        "id": 0,
        "storeItemId": 14,
        "quantity": 1
      },
      {
        "id": 1,
        "storeItemId": 21,
        "quantity": 1
      },
      {
        "id": 2,
        "storeItemId": 55,
        "quantity": 1
      },
      {
        "id": 3,
        "storeItemId": 90,
        "quantity": 10
      }
    ],
    "nextCartItemId": 4
  },
  {
    "id": 41,
    "cartItems": [
      {
        "id": 0,
        "storeItemId": 93,
        "quantity": 10
      },
      {
        "id": 1,
        "storeItemId": 23,
        "quantity": 1
      },
      {
        "id": 2,
        "storeItemId": 16,
        "quantity": 10
      }
    ],
    "nextCartItemId": 3
  },
  {
    "id": 42,
    "cartItems": [
      {
        "id": 0,
        "storeItemId": 84,
        "quantity": 10
      },
      {
        "id": 1,
        "storeItemId": 41,
        "quantity": 10
      },
      {
        "id": 2,
        "storeItemId": 34,
        "quantity": 10
      },
      {
        "id": 3,
        "storeItemId": 3,
        "quantity": 10
      }
    ],
    "nextCartItemId": 4
  },
  {
    "id": 43,
    "cartItems": [
      {
        "id": 0,
        "storeItemId": 63,
        "quantity": 1
      }
    ],
    "nextCartItemId": 1
  },
  {
    "id": 44,
    "cartItems": [],
    "nextCartItemId": 0
  },
  {
    "id": 45,
    "cartItems": [
      {
        "id": 0,
        "storeItemId": 54,
        "quantity": 2
      },
      {
        "id": 1,
        "storeItemId": 26,
        "quantity": 2
      },
      {
        "id": 2,
        "storeItemId": 58,
        "quantity": 1
      }
    ],
    "nextCartItemId": 3
  },
  {
    "id": 46,
    "cartItems": [
      {
        "id": 0,
        "storeItemId": 19,
        "quantity": 10
      }
    ],
    "nextCartItemId": 1
  },
  {
    "id": 47,
    "cartItems": [
      {
        "id": 0,
        "storeItemId": 59,
        "quantity": 2
      },
      {
        "id": 1,
        "storeItemId": 27,
        "quantity": 1
      },
      {
        "id": 2,
        "storeItemId": 93,
        "quantity": 2
      }
    ],
    "nextCartItemId": 3
  },
  {
    "id": 48,
    "cartItems": [
      {
        "id": 0,
        "storeItemId": 91,
        "quantity": 2
      },
      {
        "id": 1,
        "storeItemId": 41,
        "quantity": 2
      },
      {
        "id": 2,
        "storeItemId": 96,
        "quantity": 10
      },
      {
        "id": 3,
        "storeItemId": 92,
        "quantity": 1
      },
      {
        "id": 4,
        "storeItemId": 50,
        "quantity": 2
      },
      {
        "id": 5,
        "storeItemId": 64,
        "quantity": 2
      }
    ],
    "nextCartItemId": 6
  },
  {
    "id": 49,
    "cartItems": [
      {
        "id": 0,
        "storeItemId": 87,
        "quantity": 2
      },
      {
        "id": 1,
        "storeItemId": 64,
        "quantity": 10
      }
    ],
    "nextCartItemId": 2
  }
]